game_id,date,home,away,home_b2b,away_b2b,p_home_win,p_home_reg,p_tie_reg,p_away_reg,exp_home,exp_away,logged_at,model_through,p_over_5_5,p_over_6_5,p_home_m1_5,home_score,away_score,home_reg,away_reg
2026020017,2026-10-02,DET,NYR,False,True,0.5592045506255754,0.4334439671629875,0.2427369585343081,0.3238190743027041,3.2183337504349474,2.846993779943197,2026-10-02T17:18:43,2026-10-01,0.5411273539031162,0.4273544999152016,0.3377232571156968,0.0,2.0,0.0,2.0
2026020018,2026-10-02,CAR,WSH,False,False,0.5832983525137595,0.4605589018502505,0.2369057150175761,0.3025353831321732,3.3606029145569623,2.8238593227068933,2026-10-02T17:18:43,2026-10-01,0.5619217070923356,0.4472459592980459,0.3643661144903763,2.0,5.0,2.0,5.0
2026020019,2026-10-02,WPG,BOS,False,False,0.5094157484518282,0.3801303247857148,0.2495404335720794,0.370329241642206,2.9774745133289326,2.9364411564795594,2026-10-02T17:18:43,2026-10-01,0.5141889749104188,0.4018509496451735,0.2872290790908817,3.0,4.0,3.0,3.0
2026020020,2026-10-02,DAL,STL,False,False,0.5834995920797218,0.4568524709055158,0.2444481104852542,0.2986994186092299,3.2251545387492664,2.697217999949146,2026-10-02T17:18:43,2026-10-01,0.5162082914113596,0.4025403370485818,0.3585601060186286,0.0,4.0,0.0,4.0
2026020021,2026-10-02,VGK,ANA,False,False,0.6185502805781073,0.5042350334778544,0.2206457272319202,0.2751192392902253,3.70850348007493,2.908546003618583,2026-10-02T17:18:43,2026-10-01,0.6328963353681684,0.5186229521653313,0.4098870272373323,3.0,4.0,3.0,4.0
2026020022,2026-10-03,BUF,CHI,False,False,0.6726685649409556,0.5632077570146116,0.2114033531429625,0.2253888898424259,3.844014884368152,2.662245112462889,2026-10-03T09:37:38,2026-10-02,0.6179152644075303,0.4996538731460022,0.4677137387600599,4.0,3.0,4.0,3.0
2026020023,2026-10-03,TOR,OTT,False,False,0.4221886594154318,0.3018114348063765,0.2324863977024711,0.4657021674911522,2.8820134313244603,3.4266307584983227,2026-10-03T09:37:38,2026-10-02,0.5840839441316715,0.4689826334007024,0.2208640310951574,2.0,3.0,2.0,3.0
2026020024,2026-10-03,TBL,WSH,False,True,0.600024644814704,0.4779892133526379,0.2356889182719064,0.2863218683754555,3.3879412027717306,2.7396341641172293,2026-10-03T09:37:38,2026-10-02,0.5535815380706086,0.438016336807137,0.3806846148382112,3.0,1.0,3.0,1.0
2026020025,2026-10-03,PHI,CAR,False,True,0.4405347901089846,0.312177942747371,0.247897566673943,0.4399244905786858,2.720902771276484,3.1288106148959702,2026-10-03T09:37:38,2026-10-02,0.5041368645330214,0.3910928342609336,0.2265372199972613,2.0,3.0,2.0,2.0
2026020026,2026-10-03,PIT,MTL,False,False,0.5343778553861795,0.4163101738093692,0.2280259414853647,0.3556638847052661,3.4253402173640786,3.2091644556684056,2026-10-03T09:37:38,2026-10-02,0.635969631622212,0.5235144640721141,0.3260349650975427,6.0,5.0,5.0,5.0
2026020027,2026-10-03,CBJ,UTA,False,False,0.5200584167291064,0.3979887251128343,0.2357550854381785,0.3662561894489871,3.2382884711571784,3.12298998886373,2026-10-03T09:37:38,2026-10-02,0.5923098077508802,0.4785146106993683,0.3071773741990438,1.0,4.0,1.0,4.0
2026020028,2026-10-03,EDM,SEA,False,False,0.5857886920466601,0.470173677975603,0.2232890667565582,0.3065372552678388,3.617398482631768,3.044673428855975,2026-10-03T09:37:38,2026-10-02,0.6406105137828159,0.5274220996985696,0.3771741655149584,3.0,1.0,3.0,1.0
2026020029,2026-10-03,NYI,NJD,False,False,0.5317818069005398,0.4030911198875452,0.2485423163615342,0.3483665637509204,3.0498050997306656,2.862092605171741,2026-10-03T09:37:38,2026-10-02,0.5150082643674597,0.4021501826364681,0.308334681077453,6.0,0.0,6.0,0.0
2026020030,2026-10-03,NSH,DAL,False,True,0.4884231993106893,0.3596034023096136,0.2487916684805409,0.3916049292098457,2.910169631515493,3.0059159595698253,2026-10-03T09:37:38,2026-10-02,0.5157150327164459,0.402926706520742,0.2688819615068456,2.0,1.0,2.0,1.0
2026020031,2026-10-03,MIN,BOS,False,True,0.6042228110391388,0.4838918935106575,0.2323969641207805,0.283711142368562,3.452078394493096,2.770709794682486,2026-10-03T09:37:38,2026-10-02,0.56992253614473,0.4541082047862674,0.387152857654634,4.0,1.0,4.0,1.0
2026020032,2026-10-03,COL,STL,False,True,0.6696841512066167,0.5543680080911492,0.2227118526525735,0.2229201392562771,3.608859058774191,2.481340153117044,2026-10-03T09:37:38,2026-10-02,0.5486330280787212,0.4294503896963271,0.4555157847065682,6.0,1.0,6.0,1.0
2026020033,2026-10-03,VAN,CGY,False,False,0.4661838686859855,0.3466267667726044,0.2309024820422573,0.4224707511851381,3.129850217866907,3.379880158846551,2026-10-03T09:37:38,2026-10-02,0.616447907685907,0.5030559892037957,0.261610545452312,4.0,1.0,4.0,1.0
2026020034,2026-10-03,SJS,LAK,False,False,0.4500394519943375,0.3278335400474255,0.236018169871859,0.4361482900807155,2.962977394223504,3.318301097328082,2026-10-03T09:37:38,2026-10-02,0.5792215975295943,0.4647863262819611,0.2434109034058274,5.0,4.0,4.0,4.0
2026020035,2026-10-04,DET,WPG,False,False,0.4947469004061464,0.3666298691191857,0.2474344061758645,0.3859357247049496,2.954739442520991,3.0092450884426487,2026-10-03T09:37:38,2026-10-02,0.5242229188592542,0.4111427168911218,0.2755828247656849,2.0,3.0,2.0,3.0
2026020036,2026-10-04,NYR,UTA,False,True,0.5445542184270875,0.4155456673905753,0.2491562120716806,0.335298120537744,3.0707516722459367,2.8001903415193974,2026-10-03T09:37:38,2026-10-02,0.5077453565042278,0.3950330361320119,0.3194811099594287,4.0,2.0,4.0,2.0
2026020037,2026-10-04,ANA,FLA,False,False,0.490857662547783,0.3723255441288304,0.2289229155495254,0.3987515403216441,3.268726960923129,3.3511152407679874,2026-10-03T09:37:38,2026-10-02,0.6336509257008736,0.5212058927468708,0.285472232131225,3.0,2.0,2.0,2.0
2026020038,2026-10-04,SEA,CGY,True,True,0.5439110533581207,0.4133572659948817,0.2521405509145674,0.3345021830905507,3.021478153406417,2.7570620398625065,2026-10-03T09:37:38,2026-10-02,0.4910514866672532,0.3792242496427739,0.3166254903162791,6.0,1.0,6.0,1.0
2026020039,2026-10-04,VAN,VGK,True,False,0.3407698483949256,0.2300846540899316,0.2137680295133702,0.556147316396698,2.6732773906175,3.794447686404053,2026-10-03T09:37:39,2026-10-02,0.6116170866243286,0.4934606018135345,0.1612016197539157,2.0,3.0,2.0,3.0
2026020040,2026-10-05,TBL,PHI,False,False,0.6273203899104799,0.5051079185237802,0.2357764964223684,0.259115585053851,3.3937925803191527,2.5701008248587183,2026-10-05T08:19:07,2026-10-04,0.5228861229307051,0.4082611074852726,0.4041136969005031,4.0,1.0,4.0,1.0
2026020041,2026-10-05,BOS,OTT,False,False,0.4765971461436075,0.3499560050439889,0.2443204381075009,0.4057235568485102,2.937789848969752,3.1127280915362734,2026-10-05T08:19:07,2026-10-04,0.5370127215789446,0.424828675499532,0.2600523673982415,1.0,4.0,1.0,4.0
2026020042,2026-10-05,PIT,WPG,False,True,0.5940783947918993,0.4736615534112636,0.2323123053549851,0.2940261412337515,3.4484726251936904,2.834769568627577,2026-10-05T08:19:07,2026-10-04,0.5776061750590423,0.463718092571296,0.3763663385310247,2.0,3.0,2.0,3.0
2026020043,2026-10-05,DAL,SJS,False,False,0.6478389691346363,0.5327729017717134,0.2219894083811378,0.2452376898471489,3.653603155762876,2.6649315237290443,2026-10-05T08:19:07,2026-10-04,0.5844949367554714,0.4683283505795718,0.4343790766641871,5.0,0.0,5.0,0.0
2026020044,2026-10-06,TOR,NSH,False,False,0.5217641363059558,0.3999336050186169,0.2350396444673368,0.3650267505140462,3.2412038643609704,3.11500606370277,2026-10-06T09:35:35,2026-10-05,0.5874463805288274,0.4756921214657473,0.3074328049203894,5.0,4.0,4.0,4.0
2026020045,2026-10-06,MTL,CAR,False,False,0.4630837834534899,0.3408421887070306,0.2358326822080762,0.4233251290848931,3.0102746894997425,3.278478993007559,2026-10-06T09:35:35,2026-10-05,0.5762882888192763,0.4641627051792132,0.2535687536978753,4.0,6.0,4.0,6.0
2026020046,2026-10-06,DET,OTT,False,True,0.4945043279434223,0.3678091304909126,0.2444247254797258,0.3877661440293616,2.984801063208209,3.041544681266016,2026-10-06T09:35:35,2026-10-05,0.5309124937644738,0.419541926534917,0.27562878992072,5.0,3.0,5.0,3.0
2026020047,2026-10-06,NJD,UTA,False,False,0.4734724140736717,0.3507607898680603,0.2367394791808953,0.4124997309510443,3.0386427323224563,3.2368876722773843,2026-10-06T09:35:35,2026-10-05,0.5740062209443306,0.4620017823558639,0.2622894379645081,3.0,5.0,3.0,5.0
2026020048,2026-10-06,NYR,NYI,False,False,0.5386800035817116,0.4077393239757453,0.2526152554347123,0.3396454205895424,2.981049314673072,2.7520919334026863,2026-10-06T09:35:35,2026-10-05,0.4781618793213317,0.3689678655667488,0.3093736653194941,5.0,2.0,5.0,2.0
2026020049,2026-10-06,BUF,MIN,False,False,0.5171906724569234,0.3970776760701007,0.2317261171592646,0.3711962067706346,3.291541719466511,3.195119374395729,2026-10-06T09:35:35,2026-10-05,0.6087426468542425,0.4975081401077854,0.3057653235506962,3.0,2.0,2.0,2.0
2026020050,2026-10-06,CHI,STL,False,False,0.4158172420547336,0.2926248496692856,0.2376669936624131,0.4697081566683014,2.7389506985136114,3.317893950568798,2026-10-06T09:35:35,2026-10-05,0.5368921832056621,0.4239021568451123,0.2099034978520997,4.0,2.0,4.0,2.0
2026020051,2026-10-06,SEA,VGK,False,False,0.4638190338121939,0.3400814483621762,0.2387187988438277,0.4211997527939961,2.9617691816825324,3.2233639939434617,2026-10-06T09:35:35,2026-10-05,0.5586796991518554,0.4465591487447499,0.2521352191340394,2.0,6.0,2.0,6.0
2026020052,2026-10-06,LAK,FLA,False,False,0.533441208374452,0.4078526998252093,0.2422896632452325,0.3498576369295582,3.1405473754685507,2.93988093926175,2026-10-06T09:35:35,2026-10-05,0.5404733989302715,0.4287400900032548,0.3125478826164288,1.0,2.0,1.0,2.0
2026020053,2026-10-07,WSH,PIT,False,False,0.5549592345569182,0.43729145864324753,0.22675560983363618,0.33595293152311617,3.495441799942936,3.1393620131489484,2026-10-07T10:05:00,2026-10-06,0.633126784265258,0.5227364634134908,0.34467202456053303,,,,
2026020054,2026-10-07,WPG,COL,False,False,0.4078520105304436,0.286319351138898,0.23420356236912437,0.4794770864919775,2.7540017765637357,3.3894503316326356,2026-10-07T10:05:00,2026-10-06,0.552726917531091,0.43951707718778804,0.20542034270558768,,,,
2026020055,2026-10-07,ANA,EDM,False,False,0.45758039896692093,0.34420103922324485,0.21849147450604237,0.437307486270713,3.346926011048177,3.665434443623724,2026-10-07T10:05:00,2026-10-06,0.6887788307813664,0.5826159942895994,0.26169888088890686,,,,
2026020056,2026-10-08,BOS,UTA,False,False,0.5067387955868884,0.3828676497095805,0.23871002070106215,0.3784223295893574,3.1295420487358254,3.1056916324449366,2026-10-07T10:05:00,2026-10-06,0.567774630886823,0.45619304926402476,0.29123532837990274,,,,
2026020057,2026-10-08,BUF,DAL,False,False,0.5066461480961422,0.38207394621171675,0.24006101404811153,0.3778650397401718,3.104227044582967,3.0811613066898498,2026-10-07T10:05:00,2026-10-06,0.559242451579551,0.44769149358815374,0.29011526302910107,,,,
2026020058,2026-10-08,MTL,NSH,False,False,0.5663618518640499,0.44579680989905685,0.23233888295337193,0.32186430714757125,3.398943833201046,2.972049155535634,2026-10-07T10:05:00,2026-10-06,0.5908648567613547,0.4788060914704026,0.3506832473585313,,,,
2026020059,2026-10-08,OTT,PHI,False,False,0.6262211686797525,0.5040066558603121,0.2355175507457966,0.2604757933938915,3.3767396596712684,2.563607316825684,2026-10-07T10:05:00,2026-10-06,0.5173991481288492,0.40390193588233925,0.4028151078284717,,,,
2026020060,2026-10-08,TBL,MIN,False,False,0.569440691457543,0.4451991919046672,0.23942372309668755,0.31537708499864525,3.2663115604223982,2.827360697051131,2026-10-07T10:05:00,2026-10-06,0.5436652398640246,0.4315272806659879,0.34780103486727776,,,,
2026020061,2026-10-08,CAR,VAN,False,False,0.7236847361070513,0.6243201848157813,0.19148377071755143,0.18419604446666726,4.15964670726427,2.5753505027924146,2026-10-07T10:05:00,2026-10-06,0.6516936237155675,0.5347759526502254,0.5310568596272423,,,,
2026020062,2026-10-08,NYI,CHI,False,False,0.638936939719751,0.5188778753667611,0.23136382193024083,0.24975830270299804,3.4509599841269507,2.5475143145761887,2026-10-07T10:05:00,2026-10-06,0.5280205445812546,0.4135678900628184,0.4179345240164119,,,,
2026020063,2026-10-08,STL,SJS,False,False,0.6151098104496514,0.497522216099603,0.22660109327873904,0.2758766906216579,3.556478276878568,2.796265290617797,2026-10-07T10:05:00,2026-10-06,0.5884675444429304,0.4748741212120114,0.40014402547959826,,,,
2026020064,2026-10-08,CGY,COL,False,True,0.352722382301704,0.23563771026946312,0.22563192006213084,0.5387303696684059,2.532021131913449,3.5402858558542727,2026-10-07T10:05:00,2026-10-06,0.5414277477002245,0.4257598855558873,0.16257164861028095,,,,
2026020065,2026-10-08,VGK,TOR,False,False,0.6119022908821153,0.4953266324691377,0.2246510084000089,0.2800223591308535,3.5980267164398483,2.8549056226003486,2026-10-07T10:05:00,2026-10-06,0.6048680727168447,0.49180025448135783,0.39881964698091515,,,,
2026020066,2026-10-09,DET,SEA,False,False,0.5402128085803783,0.4164747350772543,0.2384535791466454,0.3450716857761003,3.2283466631276005,2.981497022935702,2026-10-07T10:05:00,2026-10-06,0.5635354245137045,0.4517334599088483,0.32191184246264254,,,,
2026020067,2026-10-09,WSH,NYR,False,False,0.5406661798233638,0.41277401849292383,0.2464588525638688,0.34076712894320754,3.0847719584338322,2.8403314903844383,2026-10-07T10:05:00,2026-10-06,0.5135645791064659,0.40282488169989034,0.3160237378835214,,,,
2026020068,2026-10-09,CBJ,PIT,False,False,0.5200316769378467,0.4025116041695505,0.22647097356390414,0.3710174222665454,3.4163318155101385,3.2993944043629186,2026-10-07T10:05:00,2026-10-06,0.6454100400521261,0.5360787094277574,0.31280579626035604,,,,
2026020069,2026-10-09,WPG,ANA,False,False,0.5805702488435336,0.4605312378368041,0.2313251774608849,0.3081435847023111,3.438701796272929,2.915662088854849,2026-10-07T10:05:00,2026-10-06,0.5882528966207378,0.4758043767505347,0.3645328067078311,,,,
2026020070,2026-10-10,BOS,PHI,False,False,0.5699858555946725,0.44319293772502616,0.2443405188112977,0.31246654346367614,3.177877468261989,2.741035068313471,2026-10-07T10:05:00,2026-10-06,0.5126942043674823,0.40141747358879665,0.34433517634532795,,,,
2026020071,2026-10-10,NJD,VAN,False,False,0.6099191898573856,0.4950123100957348,0.22143513287401448,0.2835525570302506,3.6687561235999633,2.9321081286246007,2026-10-07T10:05:00,2026-10-06,0.6284320660665197,0.5163848683520846,0.3996643847881156,,,,
2026020072,2026-10-10,SJS,EDM,False,False,0.40578967926544246,0.29427908504555966,0.21489020761123245,0.4908307073432078,3.129841967961836,3.8125212085384326,2026-10-07T10:05:00,2026-10-06,0.6793908687939461,0.5712160540313344,0.21733076556180203,,,,
2026020073,2026-10-10,FLA,MIN,False,False,0.4828659277772576,0.35795329094702166,0.2407170605582672,0.4013296484947112,3.0070598491801652,3.141738455752996,2026-10-07T10:05:00,2026-10-06,0.5529639475213173,0.4413845336849128,0.2680681248755119,,,,
2026020074,2026-10-10,BUF,UTA,False,False,0.52987137275362,0.41048724081908544,0.23006317091550915,0.35944958826540546,3.368258676643746,3.18569790759894,2026-10-07T10:05:00,2026-10-06,0.6203001264784618,0.5096380784409605,0.31903365136041434,,,,
2026020075,2026-10-10,MTL,DET,False,True,0.588594418995116,0.46510537695097537,0.23797367477256254,0.29692094827646215,3.3168692300636193,2.7507594718540958,2026-10-07T10:05:00,2026-10-06,0.539329608465219,0.4267363408000178,0.3664560273132979,,,,
2026020076,2026-10-10,OTT,NSH,False,False,0.6216719256735599,0.5023314977397239,0.2299789496641631,0.267689552596113,3.486115018745684,2.6902698106235716,2026-10-07T10:05:00,2026-10-06,0.5587592445810345,0.44468283203735887,0.40333250922681346,,,,
2026020077,2026-10-10,PIT,DAL,True,False,0.45737961793770465,0.3338638577562003,0.23802516284977404,0.42811097939402565,2.947373368434212,3.2522831925796076,2026-10-07T10:05:00,2026-10-06,0.5618623197604351,0.4498955619452398,0.247065095480649,,,,
2026020078,2026-10-10,CHI,CAR,False,False,0.3357392880927033,0.22386061339337457,0.21559952936849808,0.5605398572381276,2.5830392039319787,3.7280779063631337,2026-10-07T10:05:00,2026-10-06,0.5827614410679645,0.46613117729085596,0.1544445017953382,,,,
2026020079,2026-10-10,STL,CBJ,False,True,0.5837706571145126,0.4600784893958076,0.23836511487458775,0.3015563957296046,3.3046446229666366,2.7705600571873212,2026-10-07T10:05:00,2026-10-06,0.5405958747127292,0.4281265235008549,0.3617339048499657,,,,
2026020080,2026-10-10,COL,TOR,False,False,0.6920316861349218,0.5863172598842695,0.20372050892052798,0.20996223119520246,3.967813850334214,2.6378640956546255,2026-10-07T10:05:00,2026-10-06,0.6309296029720937,0.5148550556960652,0.4907832767814493,,,,
2026020081,2026-10-10,NYI,TBL,False,False,0.452169124021468,0.3242421467030023,0.24652594587412677,0.429231907422871,2.775866505042959,3.1087222623619604,2026-10-07T10:05:00,2026-10-06,0.5063924427137368,0.3956693669939477,0.23612685509575218,,,,
2026020082,2026-10-10,CGY,ANA,False,True,0.5224726404268875,0.3988972815141256,0.23814001457146802,0.3629627039144065,3.188327444876919,3.0594015915804023,2026-10-07T10:05:00,2026-10-06,0.56992453613119,0.4582870000173399,0.3059890926836724,,,,
2026020083,2026-10-10,VGK,LAK,False,False,0.5847315330227545,0.46113496129993264,0.23818089342418802,0.3006841452758794,3.3091324503270916,2.768514341185956,2026-10-07T10:05:00,2026-10-06,0.5410360235787796,0.42852959042859623,0.36276107432972926,,,,
